<?xml version="1.0" encoding="UTF-8"?>
<project-private xmlns="http://www.netbeans.org/ns/project-private/1">
    <editor-bookmarks xmlns="http://www.netbeans.org/ns/editor-bookmarks/2" lastBookmarkId="0"/>
    <open-files xmlns="http://www.netbeans.org/ns/projectui-open-files/2">
        <group>
            <file>file:/Users/macstudent/Desktop/Multithreadingday10/src/multithreadingday10/Receiver.java</file>
            <file>file:/Users/macstudent/Desktop/Multithreadingday10/src/multithreadingday10/ThreadTest.java</file>
            <file>file:/Users/macstudent/Desktop/Multithreadingday10/src/multithreadingday10/MyText.java</file>
            <file>file:/Users/macstudent/Desktop/Multithreadingday10/src/multithreadingday10/Carrier.java</file>
            <file>file:/Users/macstudent/Desktop/Multithreadingday10/src/multithreadingday10/Sender.java</file>
            <file>file:/Users/macstudent/Desktop/Multithreadingday10/src/multithreadingday10/MyMessage.java</file>
            <file>file:/Users/macstudent/Desktop/Multithreadingday10/src/multithreadingday10/Multithreadingday10.java</file>
        </group>
    </open-files>
</project-private>
